{
    "abdominal_lymph_node": {
        "accuracy": 0.9993333333333333,
        "roc_auc": 0.9990457756963806
    }
}