{
    "pelvis": {
        "accuracy": 0.9986666666666667,
        "roc_auc": 0.999946076971272
    }
}