{
    "pelvis": {
        "accuracy": 0.9993333333333333,
        "roc_auc": 0.9999899820679016
    }
}