{
    "neck": {
        "accuracy": 0.9973333333333333,
        "roc_auc": 0.9999901973037684
    }
}