{
    "lungs": {
        "accuracy": 0.9973333333333333,
        "roc_auc": 0.99984180888983
    }
}