{
    "lungs": {
        "accuracy": 0.9993333333333333,
        "roc_auc": 0.9999973147442025
    }
}