{
    "head": {
        "accuracy": 0.9966666666666667,
        "roc_auc": 0.9997142534163987
    }
}