{
    "head": {
        "accuracy": 0.9986666666666667,
        "roc_auc": 0.9999860566448802
    }
}