{
    "pelvis": {
        "accuracy": 0.9966666666666667,
        "roc_auc": 0.9999308180129396
    }
}