{
    "lungs": {
        "accuracy": 0.9986666666666667,
        "roc_auc": 0.9999946420199585
    }
}